INSERT INTO [dbo].[AspNetUsers] ([Id], [FirstName], [LastName], [UserName], [NormalizedUserName], [Email], [NormalizedEmail], [EmailConfirmed], [PasswordHash], [SecurityStamp], [ConcurrencyStamp], [PhoneNumber], [PhoneNumberConfirmed], [TwoFactorEnabled], [LockoutEnd], [LockoutEnabled], [AccessFailedCount]) VALUES (N'3f72129d-c5e5-4427-9b2b-acae6fae8cb2', N'Ashin', N'Benni', N'pahile9337@asaud.com', N'PAHILE9337@ASAUD.COM', N'pahile9337@asaud.com', NULL, 1, N'AQAAAAIAAYagAAAAEGmokDF1P/g+VEoelX9GlfIymw99dVG4DytimRLGjG2RM02pgz5lA/Bo3Xf9GlCSQw==', N'25OUGM64JFSCK3ATM4S2W5ORWJD3C5TM', N'097242fd-2bc8-4ed6-aa81-f071470a8785', N'0225318233', 0, 0, NULL, 1, 0)
INSERT INTO [dbo].[AspNetUsers] ([Id], [FirstName], [LastName], [UserName], [NormalizedUserName], [Email], [NormalizedEmail], [EmailConfirmed], [PasswordHash], [SecurityStamp], [ConcurrencyStamp], [PhoneNumber], [PhoneNumberConfirmed], [TwoFactorEnabled], [LockoutEnd], [LockoutEnabled], [AccessFailedCount]) VALUES (N'49d1fa75-f488-41a2-a56e-5ec43bebaa32', N'Vishnu', N'Pillai', N'necewaf810@degcos.com', N'NECEWAF810@DEGCOS.COM', N'necewaf810@degcos.com', NULL, 1, N'AQAAAAIAAYagAAAAEJkWRo8iGpDZ+FKFmzbiEYAwEzB308DFgutwufFAbtoLOlP9BXJOwTWY7S0ORDCD4g==', N'DTUIKVLYJ7P4UVTFG5P5MNCKJ2CGV6P7', N'562b0ec8-3c0b-4848-bbf0-51cacb49e71e', N'02041442202', 0, 0, NULL, 1, 0)
INSERT INTO [dbo].[AspNetUsers] ([Id], [FirstName], [LastName], [UserName], [NormalizedUserName], [Email], [NormalizedEmail], [EmailConfirmed], [PasswordHash], [SecurityStamp], [ConcurrencyStamp], [PhoneNumber], [PhoneNumberConfirmed], [TwoFactorEnabled], [LockoutEnd], [LockoutEnabled], [AccessFailedCount]) VALUES (N'94f557a9-83ad-416e-93aa-cb124fdfa9d0', N'Ankur', N'Nautiyal', N'rahiga2793@asaud.com', N'RAHIGA2793@ASAUD.COM', N'rahiga2793@asaud.com', NULL, 1, N'AQAAAAIAAYagAAAAEI+uTk16MxxmmIs2+s3GIWfzcCpWQXeN8BPcNA1NAOEZMt9RC2M/KzuO8p0oG/k7sg==', N'5BRYOZGBTKMYFCWCWYEA6335WV7TVFRX', N'48ecd11b-c6e7-4fa2-b6f6-b84ef9ec514b', N'0229255290', 0, 0, NULL, 1, 0)
INSERT INTO [dbo].[AspNetUsers] ([Id], [FirstName], [LastName], [UserName], [NormalizedUserName], [Email], [NormalizedEmail], [EmailConfirmed], [PasswordHash], [SecurityStamp], [ConcurrencyStamp], [PhoneNumber], [PhoneNumberConfirmed], [TwoFactorEnabled], [LockoutEnd], [LockoutEnabled], [AccessFailedCount]) VALUES (N'9914d66d-b90f-46a8-bf37-21fce87a5c18', N'Gilbert', N'Biju', N'gilbertbiju@gmail.com', N'GILBERTBIJU@GMAIL.COM', N'gilbertbiju@gmail.com', N'GILBERTBIJU@GMAIL.COM', 1, N'AQAAAAIAAYagAAAAEOde2Si0GviOebKcYXluILMh7JphTvlwmeqWjxjrw8/BABlUFsRUEhUAD5qQapFrbg==', N'QKGHSUCTSRCEDTNJVMZGMAML3OZY55YL', N'95bbf8b7-ab28-4a80-95ac-3ff1f50fe6a4', N'0221897284', 0, 0, NULL, 1, 0)
INSERT INTO [dbo].[AspNetUsers] ([Id], [FirstName], [LastName], [UserName], [NormalizedUserName], [Email], [NormalizedEmail], [EmailConfirmed], [PasswordHash], [SecurityStamp], [ConcurrencyStamp], [PhoneNumber], [PhoneNumberConfirmed], [TwoFactorEnabled], [LockoutEnd], [LockoutEnabled], [AccessFailedCount]) VALUES (N'f99cc304-aede-47ef-962b-ff96f5b1a0a2', N'Vimal Kumar', N'Suresh Kumar', N'vimalsureshkumar33@gmail.com', N'VIMALSURESHKUMAR33@GMAIL.COM', N'vimalsureshkumar33@gmail.com', NULL, 1, N'AQAAAAIAAYagAAAAEJ7xIdR0ifR3koSudbYv9rXZ/bl6FaACILLPLrd511gwyS+UZ+drR9x9RU3EMEGqpw==', N'3ZPW3UR3E4HMMQYCWMDW26IF2AJK5SR5', N'4504209f-6eed-4542-8e10-0de0b4555ef9', N'02109011821', 0, 0, NULL, 1, 0)
INSERT INTO [dbo].[AspNetUsers] ([Id], [FirstName], [LastName], [UserName], [NormalizedUserName], [Email], [NormalizedEmail], [EmailConfirmed], [PasswordHash], [SecurityStamp], [ConcurrencyStamp], [PhoneNumber], [PhoneNumberConfirmed], [TwoFactorEnabled], [LockoutEnd], [LockoutEnabled], [AccessFailedCount]) VALUES (N'fdbf978e-87ec-42c6-a8ea-d6cc97a56030', N'Muhammed', N'Amar', N'dedajef634@heweek.com', N'DEDAJEF634@HEWEEK.COM', N'dedajef634@heweek.com', NULL, 1, N'AQAAAAIAAYagAAAAEKxKhlcMgudTq5LiyNpc0/i6MPgIGQUuMuCLkQGMjWY+/pZQmSpqbVgw+Uye0uWkbw==', N'WY7UMAHIMWQZNESXCI5ADUY2STTJK5IE', N'43711ce9-2b6b-45ff-b940-cb6fb24548db', N'0212501781', 0, 0, NULL, 1, 0)

INSERT INTO [dbo].[AspNetRoles] ([Id], [Name], [NormalizedName], [ConcurrencyStamp]) VALUES (N'2df3a3a8-3fd4-4801-bf9e-8b6440903330', N'User', N'User', NULL)
INSERT INTO [dbo].[AspNetRoles] ([Id], [Name], [NormalizedName], [ConcurrencyStamp]) VALUES (N'895f10ba-5e89-4a78-aeb3-dde654921eae', N'Employee', N'Employee', NULL)
INSERT INTO [dbo].[AspNetRoles] ([Id], [Name], [NormalizedName], [ConcurrencyStamp]) VALUES (N'c27090b2-8deb-46c2-a3be-a9dc3a30c658', N'Admin', N'Admin', NULL)

INSERT INTO [dbo].[AspNetUserRoles] ([UserId], [RoleId]) VALUES 
(N'f99cc304-aede-47ef-962b-ff96f5b1a0a2', N'c27090b2-8deb-46c2-a3be-a9dc3a30c658')  -- Admin

-- Assigning Muhammed Amar as Admin
INSERT INTO [dbo].[AspNetUserRoles] ([UserId], [RoleId]) VALUES 
(N'fdbf978e-87ec-42c6-a8ea-d6cc97a56030', N'c27090b2-8deb-46c2-a3be-a9dc3a30c658');  -- Admin

-- Assigning Ashin Benni as Employee
INSERT INTO [dbo].[AspNetUserRoles] ([UserId], [RoleId]) VALUES 
(N'3f72129d-c5e5-4427-9b2b-acae6fae8cb2', N'895f10ba-5e89-4a78-aeb3-dde654921eae');  -- Employee

-- Assigning Vishnu Pillai as Employee
INSERT INTO [dbo].[AspNetUserRoles] ([UserId], [RoleId]) VALUES 
(N'49d1fa75-f488-41a2-a56e-5ec43bebaa32', N'895f10ba-5e89-4a78-aeb3-dde654921eae');  -- Employee

-- Assigning Ankur Nautiyal as User
INSERT INTO [dbo].[AspNetUserRoles] ([UserId], [RoleId]) VALUES 
(N'94f557a9-83ad-416e-93aa-cb124fdfa9d0', N'2df3a3a8-3fd4-4801-bf9e-8b6440903330');  -- User

-- Assigning Gilbert Biju as User
INSERT INTO [dbo].[AspNetUserRoles] ([UserId], [RoleId]) VALUES 
(N'9914d66d-b90f-46a8-bf37-21fce87a5c18', N'2df3a3a8-3fd4-4801-bf9e-8b6440903330');  -- User

SET IDENTITY_INSERT [dbo].[Customer] ON

INSERT INTO [dbo].[Customer] ([CustomerId], [FirstName], [LastName], [Email], [PhoneNumber], [Gender], [DateOfBirth]) VALUES 
(1, N'Vimal Kumar', N'Suresh Kumar', N'vimal.kumar@example.com', N'02109011821', 0, N'2006-08-30 00:00:00'),
(2, N'Sophie', N'Thompson', N'sophie.thompson@example.com', N'02112345678', 1, N'1990-05-12 00:00:00'),
(3, N'Lucas', N'Nguyen', N'lucas.nguyen@example.com', N'02123456789', 0, N'1985-07-20 00:00:00'),
(4, N'Isabella', N'Garcia', N'isabella.garcia@example.com', N'02134567890', 1, N'1995-11-15 00:00:00'),
(5, N'Mohammed', N'Khan', N'mohammed.khan@example.com', N'02145678901', 0, N'2000-02-28 00:00:00'),
(6, N'Ava', N'Smith', N'ava.smith@example.com', N'02156789012', 1, N'1992-04-10 00:00:00'),
(7, N'Ethan', N'Johnson', N'ethan.johnson@example.com', N'02167890123', 0, N'1988-09-05 00:00:00'),
(8, N'Emma', N'Williams', N'emma.williams@example.com', N'02178901234', 1, N'1994-06-25 00:00:00'),
(9, N'Noah', N'Brown', N'noah.brown@example.com', N'02189012345', 0, N'1991-03-16 00:00:00'),
(10, N'Olivia', N'Jones', N'olivia.jones@example.com', N'02190123456', 1, N'1996-12-01 00:00:00'),
(11, N'Liam', N'Davis', N'liam.davis@example.com', N'02201234567', 0, N'1987-08-14 00:00:00'),
(12, N'Mia', N'Miller', N'mia.miller@example.com', N'02212345678', 1, N'1993-10-09 00:00:00'),
(13, N'Aiden', N'Wilson', N'aiden.wilson@example.com', N'02223456789', 0, N'1999-01-22 00:00:00'),
(14, N'Charlotte', N'Moore', N'charlotte.moore@example.com', N'02234567890', 1, N'1997-07-30 00:00:00'),
(15, N'Elijah', N'Taylor', N'elijah.taylor@example.com', N'02245678901', 0, N'1986-05-18 00:00:00'),
(16, N'Amelia', N'Anderson', N'amelia.anderson@example.com', N'02256789012', 1, N'1998-03-25 00:00:00'),
(17, N'James', N'Thomas', N'james.thomas@example.com', N'02267890123', 0, N'1990-12-13 00:00:00'),
(18, N'Harper', N'Jackson', N'harper.jackson@example.com', N'02278901234', 1, N'1992-09-11 00:00:00'),
(19, N'Benjamin', N'White', N'benjamin.white@example.com', N'02289012345', 0, N'1994-11-29 00:00:00'),
(20, N'Evelyn', N'Harris', N'evelyn.harris@example.com', N'02290123456', 1, N'1993-02-08 00:00:00'),
(21, N'Alexander', N'Martin', N'alexander.martin@example.com', N'02301234567', 0, N'1991-06-03 00:00:00'),
(22, N'Abigail', N'Thomas', N'abigail.thomas@example.com', N'02312345678', 1, N'1995-07-07 00:00:00'),
(23, N'William', N'Clark', N'william.clark@example.com', N'02323456789', 0, N'1988-11-22 00:00:00'),
(24, N'Scarlett', N'Hall', N'scarlett.hall@example.com', N'02334567890', 1, N'1999-05-15 00:00:00');

INSERT INTO [dbo].[Customer] ([CustomerId], [FirstName], [LastName], [Email], [PhoneNumber], [Gender], [DateOfBirth]) VALUES 
(25, N'Rajesh', N'Sharma', N'rajesh.sharma@example.in', N'9876543210', 0, N'1980-01-15 00:00:00'),
(26, N'Anjali', N'Patel', N'anjali.patel@example.in', N'9876543211', 1, N'1992-03-22 00:00:00'),
(27, N'Arjun', N'Gupta', N'arjun.gupta@example.in', N'9876543212', 0, N'1985-05-10 00:00:00'),
(28, N'Priya', N'Singh', N'priya.singh@example.in', N'9876543213', 1, N'1997-07-11 00:00:00'),
(29, N'Karan', N'Mehta', N'karan.mehta@example.in', N'9876543214', 0, N'1990-09-30 00:00:00'),
(30, N'Neha', N'Verma', N'neha.verma@example.in', N'9876543215', 1, N'1994-11-19 00:00:00');

SET IDENTITY_INSERT [dbo].[Customer] OFF

SET IDENTITY_INSERT [dbo].[Employee] ON
INSERT INTO [dbo].[Employee] ([EmployeeId], [FirstName], [LastName], [PhoneNumber], [Status], [Pay], [Hours]) VALUES (1, N'John', N'Mangubat', N'02109055073', 0, CAST(36.00 AS Decimal(18, 2)), CAST(50.00 AS Decimal(18, 2)))
INSERT INTO [dbo].[Employee] ([EmployeeId], [FirstName], [LastName], [PhoneNumber], [Status], [Pay], [Hours]) VALUES (2, N'Michael', N'Scott', N'02109012345', 1, CAST(45.50 AS Decimal(18, 2)), CAST(40.00 AS Decimal(18, 2)))
INSERT INTO [dbo].[Employee] ([EmployeeId], [FirstName], [LastName], [PhoneNumber], [Status], [Pay], [Hours]) VALUES (3, N'Pam', N'Beesly', N'02123456789', 1, CAST(32.75 AS Decimal(18, 2)), CAST(35.00 AS Decimal(18, 2)))
INSERT INTO [dbo].[Employee] ([EmployeeId], [FirstName], [LastName], [PhoneNumber], [Status], [Pay], [Hours]) VALUES (4, N'Jim', N'Halpert', N'02134567890', 0, CAST(34.20 AS Decimal(18, 2)), CAST(45.00 AS Decimal(18, 2)))
INSERT INTO [dbo].[Employee] ([EmployeeId], [FirstName], [LastName], [PhoneNumber], [Status], [Pay], [Hours]) VALUES (5, N'Dwight', N'Schrute', N'02145678901', 0, CAST(40.00 AS Decimal(18, 2)), CAST(50.00 AS Decimal(18, 2)))
INSERT INTO [dbo].[Employee] ([EmployeeId], [FirstName], [LastName], [PhoneNumber], [Status], [Pay], [Hours]) VALUES (6, N'Stanley', N'Hudson', N'02156789012', 0, CAST(28.50 AS Decimal(18, 2)), CAST(37.00 AS Decimal(18, 2)))
INSERT INTO [dbo].[Employee] ([EmployeeId], [FirstName], [LastName], [PhoneNumber], [Status], [Pay], [Hours]) VALUES (7, N'Angela', N'Martin', N'02167890123', 1, CAST(30.00 AS Decimal(18, 2)), CAST(40.00 AS Decimal(18, 2)))
INSERT INTO [dbo].[Employee] ([EmployeeId], [FirstName], [LastName], [PhoneNumber], [Status], [Pay], [Hours]) VALUES (8, N'Kevin', N'Malone', N'02178901234', 0, CAST(27.50 AS Decimal(18, 2)), CAST(42.00 AS Decimal(18, 2)))
INSERT INTO [dbo].[Employee] ([EmployeeId], [FirstName], [LastName], [PhoneNumber], [Status], [Pay], [Hours]) VALUES (9, N'Kelly', N'Kapoor', N'02189012345', 1, CAST(29.75 AS Decimal(18, 2)), CAST(39.00 AS Decimal(18, 2)))
INSERT INTO [dbo].[Employee] ([EmployeeId], [FirstName], [LastName], [PhoneNumber], [Status], [Pay], [Hours]) VALUES (10, N'Ryan', N'Howard', N'02190123456', 0, CAST(35.00 AS Decimal(18, 2)), CAST(43.00 AS Decimal(18, 2)))
INSERT INTO [dbo].[Employee] ([EmployeeId], [FirstName], [LastName], [PhoneNumber], [Status], [Pay], [Hours]) VALUES (11, N'Toby', N'Flenderson', N'02201234567', 0, CAST(33.50 AS Decimal(18, 2)), CAST(38.00 AS Decimal(18, 2)))
INSERT INTO [dbo].[Employee] ([EmployeeId], [FirstName], [LastName], [PhoneNumber], [Status], [Pay], [Hours]) VALUES (12, N'Phyllis', N'Vance', N'02212345678', 1, CAST(31.25 AS Decimal(18, 2)), CAST(36.00 AS Decimal(18, 2)))
INSERT INTO [dbo].[Employee] ([EmployeeId], [FirstName], [LastName], [PhoneNumber], [Status], [Pay], [Hours]) VALUES (13, N'Erin', N'Hannon', N'02223456789', 1, CAST(30.50 AS Decimal(18, 2)), CAST(37.00 AS Decimal(18, 2)))
INSERT INTO [dbo].[Employee] ([EmployeeId], [FirstName], [LastName], [PhoneNumber], [Status], [Pay], [Hours]) VALUES (14, N'Andy', N'Bernard', N'02234567890', 0, CAST(36.50 AS Decimal(18, 2)), CAST(45.00 AS Decimal(18, 2)))
INSERT INTO [dbo].[Employee] ([EmployeeId], [FirstName], [LastName], [PhoneNumber], [Status], [Pay], [Hours]) VALUES (15, N'Meredith', N'Palmer', N'02245678901', 1, CAST(28.00 AS Decimal(18, 2)), CAST(40.00 AS Decimal(18, 2)))
INSERT INTO [dbo].[Employee] ([EmployeeId], [FirstName], [LastName], [PhoneNumber], [Status], [Pay], [Hours]) VALUES (16, N'Darryl', N'Philbin', N'02256789012', 0, CAST(35.75 AS Decimal(18, 2)), CAST(42.00 AS Decimal(18, 2)))
INSERT INTO [dbo].[Employee] ([EmployeeId], [FirstName], [LastName], [PhoneNumber], [Status], [Pay], [Hours]) VALUES (17, N'Creed', N'Bratton', N'02267890123', 0, CAST(27.25 AS Decimal(18, 2)), CAST(39.00 AS Decimal(18, 2)))
INSERT INTO [dbo].[Employee] ([EmployeeId], [FirstName], [LastName], [PhoneNumber], [Status], [Pay], [Hours]) VALUES (18, N'Oscar', N'Martinez', N'02278901234', 0, CAST(34.50 AS Decimal(18, 2)), CAST(41.00 AS Decimal(18, 2)))
INSERT INTO [dbo].[Employee] ([EmployeeId], [FirstName], [LastName], [PhoneNumber], [Status], [Pay], [Hours]) VALUES (19, N'Rajat', N'Gupta', N'9876543201', 0, CAST(48.00 AS Decimal(18, 2)), CAST(40.00 AS Decimal(18, 2)))
INSERT INTO [dbo].[Employee] ([EmployeeId], [FirstName], [LastName], [PhoneNumber], [Status], [Pay], [Hours]) VALUES (20, N'Anjali', N'Saxena', N'9876543202', 1, CAST(42.75 AS Decimal(18, 2)), CAST(38.00 AS Decimal(18, 2)))
INSERT INTO [dbo].[Employee] ([EmployeeId], [FirstName], [LastName], [PhoneNumber], [Status], [Pay], [Hours]) VALUES (21, N'Shruti', N'Kumar', N'9876543203', 1, CAST(40.50 AS Decimal(18, 2)), CAST(45.00 AS Decimal(18, 2)))
INSERT INTO [dbo].[Employee] ([EmployeeId], [FirstName], [LastName], [PhoneNumber], [Status], [Pay], [Hours]) VALUES (22, N'Aarav', N'Patel', N'9876543204', 0, CAST(37.25 AS Decimal(18, 2)), CAST(50.00 AS Decimal(18, 2)))
INSERT INTO [dbo].[Employee] ([EmployeeId], [FirstName], [LastName], [PhoneNumber], [Status], [Pay], [Hours]) VALUES (23, N'Mohit', N'Singh', N'9876543205', 0, CAST(44.00 AS Decimal(18, 2)), CAST(42.00 AS Decimal(18, 2)))
INSERT INTO [dbo].[Employee] ([EmployeeId], [FirstName], [LastName], [PhoneNumber], [Status], [Pay], [Hours]) VALUES (24, N'Sanya', N'Joshi', N'9876543206', 1, CAST(39.25 AS Decimal(18, 2)), CAST(37.00 AS Decimal(18, 2)))
INSERT INTO [dbo].[Employee] ([EmployeeId], [FirstName], [LastName], [PhoneNumber], [Status], [Pay], [Hours]) VALUES (25, N'Priya', N'Sharma', N'9876543207', 1, CAST(45.75 AS Decimal(18, 2)), CAST(40.00 AS Decimal(18, 2)))
INSERT INTO [dbo].[Employee] ([EmployeeId], [FirstName], [LastName], [PhoneNumber], [Status], [Pay], [Hours]) VALUES (26, N'Kunal', N'Mehta', N'9876543208', 0, CAST(41.50 AS Decimal(18, 2)), CAST(36.00 AS Decimal(18, 2)))
INSERT INTO [dbo].[Employee] ([EmployeeId], [FirstName], [LastName], [PhoneNumber], [Status], [Pay], [Hours]) VALUES (27, N'Riya', N'Verma', N'9876543209', 1, CAST(38.75 AS Decimal(18, 2)), CAST(44.00 AS Decimal(18, 2)))
INSERT INTO [dbo].[Employee] ([EmployeeId], [FirstName], [LastName], [PhoneNumber], [Status], [Pay], [Hours]) VALUES (28, N'Neha', N'Chopra', N'9876543210', 1, CAST(43.50 AS Decimal(18, 2)), CAST(47.00 AS Decimal(18, 2)))
INSERT INTO [dbo].[Employee] ([EmployeeId], [FirstName], [LastName], [PhoneNumber], [Status], [Pay], [Hours]) VALUES (29, N'Aakash', N'Malhotra', N'9876543211', 0, CAST(46.00 AS Decimal(18, 2)), CAST(43.00 AS Decimal(18, 2)))
INSERT INTO [dbo].[Employee] ([EmployeeId], [FirstName], [LastName], [PhoneNumber], [Status], [Pay], [Hours]) VALUES (30, N'Shivani', N'Jain', N'9876543212', 1, CAST(40.25 AS Decimal(18, 2)), CAST(39.00 AS Decimal(18, 2)))
INSERT INTO [dbo].[Employee] ([EmployeeId], [FirstName], [LastName], [PhoneNumber], [Status], [Pay], [Hours]) VALUES (31, N'Aditya', N'Aggarwal', N'9876543213', 0, CAST(47.75 AS Decimal(18, 2)), CAST(38.00 AS Decimal(18, 2)))
INSERT INTO [dbo].[Employee] ([EmployeeId], [FirstName], [LastName], [PhoneNumber], [Status], [Pay], [Hours]) VALUES (32, N'Tanvi', N'Nair', N'9876543214', 1, CAST(39.00 AS Decimal(18, 2)), CAST(41.00 AS Decimal(18, 2)))
INSERT INTO [dbo].[Employee] ([EmployeeId], [FirstName], [LastName], [PhoneNumber], [Status], [Pay], [Hours]) VALUES (33, N'Rohan', N'Desai', N'9876543215', 0, CAST(45.25 AS Decimal(18, 2)), CAST(46.00 AS Decimal(18, 2)))
INSERT INTO [dbo].[Employee] ([EmployeeId], [FirstName], [LastName], [PhoneNumber], [Status], [Pay], [Hours]) VALUES (34, N'Mira', N'Ahuja', N'9876543216', 1, CAST(42.00 AS Decimal(18, 2)), CAST(48.00 AS Decimal(18, 2)))
INSERT INTO [dbo].[Employee] ([EmployeeId], [FirstName], [LastName], [PhoneNumber], [Status], [Pay], [Hours]) VALUES (35, N'Suresh', N'Reddy', N'9876543217', 0, CAST(43.75 AS Decimal(18, 2)), CAST(47.00 AS Decimal(18, 2)))
SET IDENTITY_INSERT [dbo].[Employee] OFF

SET IDENTITY_INSERT [dbo].[Part] ON
INSERT INTO [dbo].[Part] ([PartId], [Reference], [PartName], [Cost]) VALUES (1, N'XYZA-00001', N'Brake Pad', CAST(89.99 AS Decimal(18, 2)))
INSERT INTO [dbo].[Part] ([PartId], [Reference], [PartName], [Cost]) VALUES (2, N'XYZA-00002', N'Engine', CAST(1245.99 AS Decimal(18, 2)))
INSERT INTO [dbo].[Part] ([PartId], [Reference], [PartName], [Cost]) VALUES (3, N'XYZA-00003', N'Air Filter', CAST(45.50 AS Decimal(18, 2)))
INSERT INTO [dbo].[Part] ([PartId], [Reference], [PartName], [Cost]) VALUES (4, N'XYZA-00004', N'Oil Filter', CAST(35.75 AS Decimal(18, 2)))
INSERT INTO [dbo].[Part] ([PartId], [Reference], [PartName], [Cost]) VALUES (5, N'XYZA-00005', N'Alternator', CAST(239.99 AS Decimal(18, 2)))
INSERT INTO [dbo].[Part] ([PartId], [Reference], [PartName], [Cost]) VALUES (6, N'XYZA-00006', N'Battery', CAST(120.00 AS Decimal(18, 2)))
INSERT INTO [dbo].[Part] ([PartId], [Reference], [PartName], [Cost]) VALUES (7, N'XYZA-00007', N'Headlight', CAST(75.00 AS Decimal(18, 2)))
INSERT INTO [dbo].[Part] ([PartId], [Reference], [PartName], [Cost]) VALUES (8, N'XYZA-00008', N'Tail Light', CAST(50.00 AS Decimal(18, 2)))
INSERT INTO [dbo].[Part] ([PartId], [Reference], [PartName], [Cost]) VALUES (9, N'XYZA-00009', N'Spark Plug', CAST(8.99 AS Decimal(18, 2)))
INSERT INTO [dbo].[Part] ([PartId], [Reference], [PartName], [Cost]) VALUES (10, N'XYZA-00010', N'Radiator', CAST(345.00 AS Decimal(18, 2)))
INSERT INTO [dbo].[Part] ([PartId], [Reference], [PartName], [Cost]) VALUES (11, N'XYZA-00011', N'Fuel Pump', CAST(199.99 AS Decimal(18, 2)))
INSERT INTO [dbo].[Part] ([PartId], [Reference], [PartName], [Cost]) VALUES (12, N'XYZA-00012', N'Water Pump', CAST(150.00 AS Decimal(18, 2)))
INSERT INTO [dbo].[Part] ([PartId], [Reference], [PartName], [Cost]) VALUES (13, N'XYZA-00013', N'Clutch', CAST(220.00 AS Decimal(18, 2)))
INSERT INTO [dbo].[Part] ([PartId], [Reference], [PartName], [Cost]) VALUES (14, N'XYZA-00014', N'Transmission', CAST(900.00 AS Decimal(18, 2)))
INSERT INTO [dbo].[Part] ([PartId], [Reference], [PartName], [Cost]) VALUES (15, N'XYZA-00015', N'Window Motor', CAST(85.00 AS Decimal(18, 2)))
INSERT INTO [dbo].[Part] ([PartId], [Reference], [PartName], [Cost]) VALUES (16, N'XYZA-00016', N'Door Handle', CAST(40.00 AS Decimal(18, 2)))
INSERT INTO [dbo].[Part] ([PartId], [Reference], [PartName], [Cost]) VALUES (17, N'XYZA-00017', N'Ignition Coil', CAST(60.00 AS Decimal(18, 2)))
INSERT INTO [dbo].[Part] ([PartId], [Reference], [PartName], [Cost]) VALUES (18, N'XYZA-00018', N'Stimulator', CAST(120.00 AS Decimal(18, 2)))
INSERT INTO [dbo].[Part] ([PartId], [Reference], [PartName], [Cost]) VALUES (19, N'XYZA-00019', N'Wheel Bearing', CAST(90.00 AS Decimal(18, 2)))
INSERT INTO [dbo].[Part] ([PartId], [Reference], [PartName], [Cost]) VALUES (20, N'XYZA-00020', N'Sway Bar Link', CAST(55.00 AS Decimal(18, 2)))
INSERT INTO [dbo].[Part] ([PartId], [Reference], [PartName], [Cost]) VALUES (21, N'XYZA-00021', N'Control Arm', CAST(180.00 AS Decimal(18, 2)))
INSERT INTO [dbo].[Part] ([PartId], [Reference], [PartName], [Cost]) VALUES (22, N'XYZA-00022', N'Ball Joint', CAST(100.00 AS Decimal(18, 2)))
INSERT INTO [dbo].[Part] ([PartId], [Reference], [PartName], [Cost]) VALUES (23, N'XYZA-00023', N'Strut', CAST(250.00 AS Decimal(18, 2)))
INSERT INTO [dbo].[Part] ([PartId], [Reference], [PartName], [Cost]) VALUES (24, N'XYZA-00024', N'Spring', CAST(140.00 AS Decimal(18, 2)))
INSERT INTO [dbo].[Part] ([PartId], [Reference], [PartName], [Cost]) VALUES (25, N'XYZA-00025', N'Fuel Filter', CAST(30.00 AS Decimal(18, 2)))
INSERT INTO [dbo].[Part] ([PartId], [Reference], [PartName], [Cost]) VALUES (26, N'XYZA-00026', N'Fuse', CAST(10.00 AS Decimal(18, 2)))
INSERT INTO [dbo].[Part] ([PartId], [Reference], [PartName], [Cost]) VALUES (27, N'XYZA-00027', N'Cooling Fan', CAST(75.00 AS Decimal(18, 2)))
INSERT INTO [dbo].[Part] ([PartId], [Reference], [PartName], [Cost]) VALUES (28, N'XYZA-00028', N'Hubcap', CAST(20.00 AS Decimal(18, 2)))
INSERT INTO [dbo].[Part] ([PartId], [Reference], [PartName], [Cost]) VALUES (29, N'XYZA-00029', N'Brake Rotor', CAST(135.00 AS Decimal(18, 2)))
INSERT INTO [dbo].[Part] ([PartId], [Reference], [PartName], [Cost]) VALUES (30, N'XYZA-00030', N'Cabin Filter', CAST(50.00 AS Decimal(18, 2)))
SET IDENTITY_INSERT [dbo].[Part] OFF

SET IDENTITY_INSERT [dbo].[Fault] ON
INSERT INTO [dbo].[Fault] ([FaultId], [FaultName], [VehicleId], [CustomerId]) VALUES (1, N'Brake Pad Failure', 1, 1)
INSERT INTO [dbo].[Fault] ([FaultId], [FaultName], [VehicleId], [CustomerId]) VALUES (2, N'Engine Overheating', 2, 2)
INSERT INTO [dbo].[Fault] ([FaultId], [FaultName], [VehicleId], [CustomerId]) VALUES (3, N'Air Filter Blockage', 3, 3)
INSERT INTO [dbo].[Fault] ([FaultId], [FaultName], [VehicleId], [CustomerId]) VALUES (4, N'Oil Leak', 4, 4)
INSERT INTO [dbo].[Fault] ([FaultId], [FaultName], [VehicleId], [CustomerId]) VALUES (5, N'Battery Failure', 5, 5)
INSERT INTO [dbo].[Fault] ([FaultId], [FaultName], [VehicleId], [CustomerId]) VALUES (6, N'Headlight Malfunction', 6, 6)
INSERT INTO [dbo].[Fault] ([FaultId], [FaultName], [VehicleId], [CustomerId]) VALUES (7, N'Tail Light Out', 7, 7)
INSERT INTO [dbo].[Fault] ([FaultId], [FaultName], [VehicleId], [CustomerId]) VALUES (8, N'Spark Plug Issue', 8, 8)
INSERT INTO [dbo].[Fault] ([FaultId], [FaultName], [VehicleId], [CustomerId]) VALUES (9, N'Radiator Leak', 9, 9)
INSERT INTO [dbo].[Fault] ([FaultId], [FaultName], [VehicleId], [CustomerId]) VALUES (10, N'Fuel Pump Failure', 10, 10)
INSERT INTO [dbo].[Fault] ([FaultId], [FaultName], [VehicleId], [CustomerId]) VALUES (11, N'Water Pump Failure', 11, 11)
INSERT INTO [dbo].[Fault] ([FaultId], [FaultName], [VehicleId], [CustomerId]) VALUES (12, N'Clutch Slippage', 12, 12)
INSERT INTO [dbo].[Fault] ([FaultId], [FaultName], [VehicleId], [CustomerId]) VALUES (13, N'Transmission Problem', 13, 13)
INSERT INTO [dbo].[Fault] ([FaultId], [FaultName], [VehicleId], [CustomerId]) VALUES (14, N'Window Motor Failure', 14, 14)
INSERT INTO [dbo].[Fault] ([FaultId], [FaultName], [VehicleId], [CustomerId]) VALUES (15, N'Door Handle Issue', 15, 15)
INSERT INTO [dbo].[Fault] ([FaultId], [FaultName], [VehicleId], [CustomerId]) VALUES (16, N'Ignition Coil Fault', 16, 16)
INSERT INTO [dbo].[Fault] ([FaultId], [FaultName], [VehicleId], [CustomerId]) VALUES (17, N'Stimulator Fault', 17, 17)
INSERT INTO [dbo].[Fault] ([FaultId], [FaultName], [VehicleId], [CustomerId]) VALUES (18, N'Wheel Bearing Noise', 18, 18)
INSERT INTO [dbo].[Fault] ([FaultId], [FaultName], [VehicleId], [CustomerId]) VALUES (19, N'Sway Bar Link Damage', 19, 19)
INSERT INTO [dbo].[Fault] ([FaultId], [FaultName], [VehicleId], [CustomerId]) VALUES (20, N'Control Arm Wear', 20, 20)
INSERT INTO [dbo].[Fault] ([FaultId], [FaultName], [VehicleId], [CustomerId]) VALUES (21, N'Ball Joint Issue', 21, 21)
INSERT INTO [dbo].[Fault] ([FaultId], [FaultName], [VehicleId], [CustomerId]) VALUES (22, N'Strut Failure', 22, 22)
INSERT INTO [dbo].[Fault] ([FaultId], [FaultName], [VehicleId], [CustomerId]) VALUES (23, N'Spring Damage', 23, 23)
INSERT INTO [dbo].[Fault] ([FaultId], [FaultName], [VehicleId], [CustomerId]) VALUES (24, N'Fuel Filter Blockage', 24, 24)
INSERT INTO [dbo].[Fault] ([FaultId], [FaultName], [VehicleId], [CustomerId]) VALUES (25, N'Fuse Failure', 25, 25)
INSERT INTO [dbo].[Fault] ([FaultId], [FaultName], [VehicleId], [CustomerId]) VALUES (26, N'Cooling Fan Failure', 26, 26)
INSERT INTO [dbo].[Fault] ([FaultId], [FaultName], [VehicleId], [CustomerId]) VALUES (27, N'Hubcap Loss', 27, 27)
INSERT INTO [dbo].[Fault] ([FaultId], [FaultName], [VehicleId], [CustomerId]) VALUES (28, N'Brake Rotor Wear', 28, 28)
INSERT INTO [dbo].[Fault] ([FaultId], [FaultName], [VehicleId], [CustomerId]) VALUES (29, N'Cabin Filter Blockage', 29, 29)
INSERT INTO [dbo].[Fault] ([FaultId], [FaultName], [VehicleId], [CustomerId]) VALUES (30, N'General Engine Issue', 30, 30)
SET IDENTITY_INSERT [dbo].[Fault] OFF

SET IDENTITY_INSERT [dbo].[FaultPart] ON;

INSERT INTO [dbo].[FaultPart] (FaultPartId, FaultId, PartId, AppointmentId, CustomerId, VehicleId) 
VALUES (1, 1, 1, 1, 1, 1); 
INSERT INTO [dbo].[FaultPart] (FaultPartId, FaultId, PartId, AppointmentId, CustomerId, VehicleId) 
VALUES (2, 2, 2, 2, 2, 2); 
INSERT INTO [dbo].[FaultPart] (FaultPartId, FaultId, PartId, AppointmentId, CustomerId, VehicleId) 
VALUES (3, 3, 3, 3, 3, 3); 
INSERT INTO [dbo].[FaultPart] (FaultPartId, FaultId, PartId, AppointmentId, CustomerId, VehicleId) 
VALUES (4, 4, 4, 4, 4, 4); 
INSERT INTO [dbo].[FaultPart] (FaultPartId, FaultId, PartId, AppointmentId, CustomerId, VehicleId) 
VALUES (5, 5, 5, 5, 5, 5); 
INSERT INTO [dbo].[FaultPart] (FaultPartId, FaultId, PartId, AppointmentId, CustomerId, VehicleId) 
VALUES (6, 6, 7, 6, 6, 6);
INSERT INTO [dbo].[FaultPart] (FaultPartId, FaultId, PartId, AppointmentId, CustomerId, VehicleId) 
VALUES (7, 7, 8, 7, 7, 7);
INSERT INTO [dbo].[FaultPart] (FaultPartId, FaultId, PartId, AppointmentId, CustomerId, VehicleId) 
VALUES (8, 8, 9, 8, 8, 8); 
INSERT INTO [dbo].[FaultPart] (FaultPartId, FaultId, PartId, AppointmentId, CustomerId, VehicleId) 
VALUES (9, 9, 10, 9, 9, 9);
INSERT INTO [dbo].[FaultPart] (FaultPartId, FaultId, PartId, AppointmentId, CustomerId, VehicleId) 
VALUES (10, 10, 11, 10, 10, 10); 
SET IDENTITY_INSERT [dbo].[FaultPart] OFF;

SET IDENTITY_INSERT [dbo].[VehicleBrand] ON
INSERT INTO [dbo].[VehicleBrand] ([BrandId], [BrandName]) VALUES (1, N'Holden')
INSERT INTO [dbo].[VehicleBrand] ([BrandId], [BrandName]) VALUES (2, N'Ford')
INSERT INTO [dbo].[VehicleBrand] ([BrandId], [BrandName]) VALUES (3, N'Ferrari')
INSERT INTO [dbo].[VehicleBrand] ([BrandId], [BrandName]) VALUES (4, N'Porsche')
INSERT INTO [dbo].[VehicleBrand] ([BrandId], [BrandName]) VALUES (5, N'Toyota')
INSERT INTO [dbo].[VehicleBrand] ([BrandId], [BrandName]) VALUES (6, N'Chevrolet')
INSERT INTO [dbo].[VehicleBrand] ([BrandId], [BrandName]) VALUES (7, N'BMW')
INSERT INTO [dbo].[VehicleBrand] ([BrandId], [BrandName]) VALUES (8, N'Audi')
INSERT INTO [dbo].[VehicleBrand] ([BrandId], [BrandName]) VALUES (9, N'Hyundai')
INSERT INTO [dbo].[VehicleBrand] ([BrandId], [BrandName]) VALUES (10, N'Honda')
INSERT INTO [dbo].[VehicleBrand] ([BrandId], [BrandName]) VALUES (11, N'Volkswagen')
INSERT INTO [dbo].[VehicleBrand] ([BrandId], [BrandName]) VALUES (12, N'Nissan')
INSERT INTO [dbo].[VehicleBrand] ([BrandId], [BrandName]) VALUES (13, N'Kia')
INSERT INTO [dbo].[VehicleBrand] ([BrandId], [BrandName]) VALUES (14, N'Jeep')
INSERT INTO [dbo].[VehicleBrand] ([BrandId], [BrandName]) VALUES (15, N'Tesla')
INSERT INTO [dbo].[VehicleBrand] ([BrandId], [BrandName]) VALUES (16, N'Land Rover')
INSERT INTO [dbo].[VehicleBrand] ([BrandId], [BrandName]) VALUES (17, N'Mercedes-Benz')
INSERT INTO [dbo].[VehicleBrand] ([BrandId], [BrandName]) VALUES (18, N'Volvo')
INSERT INTO [dbo].[VehicleBrand] ([BrandId], [BrandName]) VALUES (19, N'Jaguar')
INSERT INTO [dbo].[VehicleBrand] ([BrandId], [BrandName]) VALUES (20, N'Fiat')
INSERT INTO [dbo].[VehicleBrand] ([BrandId], [BrandName]) VALUES (21, N'Mazda')
INSERT INTO [dbo].[VehicleBrand] ([BrandId], [BrandName]) VALUES (22, N'Subaru')
INSERT INTO [dbo].[VehicleBrand] ([BrandId], [BrandName]) VALUES (23, N'Suzuki')
INSERT INTO [dbo].[VehicleBrand] ([BrandId], [BrandName]) VALUES (24, N'Lexus')
INSERT INTO [dbo].[VehicleBrand] ([BrandId], [BrandName]) VALUES (25, N'Aston Martin')
INSERT INTO [dbo].[VehicleBrand] ([BrandId], [BrandName]) VALUES (26, N'Mitsubishi')
INSERT INTO [dbo].[VehicleBrand] ([BrandId], [BrandName]) VALUES (27, N'Peugeot')
INSERT INTO [dbo].[VehicleBrand] ([BrandId], [BrandName]) VALUES (28, N'Seat')
INSERT INTO [dbo].[VehicleBrand] ([BrandId], [BrandName]) VALUES (29, N'Bugatti')
INSERT INTO [dbo].[VehicleBrand] ([BrandId], [BrandName]) VALUES (30, N'Lamborghini')
SET IDENTITY_INSERT [dbo].[VehicleBrand] OFF

SET IDENTITY_INSERT [dbo].[VehicleModel] ON
INSERT INTO [dbo].[VehicleModel] ([ModelId], [ModelName], [BrandId]) VALUES (1, N'Colorado', 1)
INSERT INTO [dbo].[VehicleModel] ([ModelId], [ModelName], [BrandId]) VALUES (2, N'Commodore', 1)
INSERT INTO [dbo].[VehicleModel] ([ModelId], [ModelName], [BrandId]) VALUES (3, N'Astra', 1)
INSERT INTO [dbo].[VehicleModel] ([ModelId], [ModelName], [BrandId]) VALUES (4, N'Mustang', 2)
INSERT INTO [dbo].[VehicleModel] ([ModelId], [ModelName], [BrandId]) VALUES (5, N'Focus', 2)
INSERT INTO [dbo].[VehicleModel] ([ModelId], [ModelName], [BrandId]) VALUES (6, N'F-150', 2)
INSERT INTO [dbo].[VehicleModel] ([ModelId], [ModelName], [BrandId]) VALUES (7, N'488 Spider', 3)
INSERT INTO [dbo].[VehicleModel] ([ModelId], [ModelName], [BrandId]) VALUES (8, N'F8 Tributo', 3)
INSERT INTO [dbo].[VehicleModel] ([ModelId], [ModelName], [BrandId]) VALUES (9, N'Roma', 3)
INSERT INTO [dbo].[VehicleModel] ([ModelId], [ModelName], [BrandId]) VALUES (10, N'911', 4)
INSERT INTO [dbo].[VehicleModel] ([ModelId], [ModelName], [BrandId]) VALUES (11, N'Cayenne', 4)
INSERT INTO [dbo].[VehicleModel] ([ModelId], [ModelName], [BrandId]) VALUES (12, N'Macan', 4)
INSERT INTO [dbo].[VehicleModel] ([ModelId], [ModelName], [BrandId]) VALUES (13, N'Corolla', 5)
INSERT INTO [dbo].[VehicleModel] ([ModelId], [ModelName], [BrandId]) VALUES (14, N'Camry', 5)
INSERT INTO [dbo].[VehicleModel] ([ModelId], [ModelName], [BrandId]) VALUES (15, N'RAV4', 5)
INSERT INTO [dbo].[VehicleModel] ([ModelId], [ModelName], [BrandId]) VALUES (16, N'Silverado', 6)
INSERT INTO [dbo].[VehicleModel] ([ModelId], [ModelName], [BrandId]) VALUES (17, N'Equinox', 6)
INSERT INTO [dbo].[VehicleModel] ([ModelId], [ModelName], [BrandId]) VALUES (18, N'Malibu', 6)
INSERT INTO [dbo].[VehicleModel] ([ModelId], [ModelName], [BrandId]) VALUES (19, N'3 Series', 7)
INSERT INTO [dbo].[VehicleModel] ([ModelId], [ModelName], [BrandId]) VALUES (20, N'X5', 7)
INSERT INTO [dbo].[VehicleModel] ([ModelId], [ModelName], [BrandId]) VALUES (21, N'M3', 7)
INSERT INTO [dbo].[VehicleModel] ([ModelId], [ModelName], [BrandId]) VALUES (22, N'A4', 8)
INSERT INTO [dbo].[VehicleModel] ([ModelId], [ModelName], [BrandId]) VALUES (23, N'Q7', 8)
INSERT INTO [dbo].[VehicleModel] ([ModelId], [ModelName], [BrandId]) VALUES (24, N'R8', 8)
INSERT INTO [dbo].[VehicleModel] ([ModelId], [ModelName], [BrandId]) VALUES (25, N'Elantra', 9)
INSERT INTO [dbo].[VehicleModel] ([ModelId], [ModelName], [BrandId]) VALUES (26, N'Santa Fe', 9)
INSERT INTO [dbo].[VehicleModel] ([ModelId], [ModelName], [BrandId]) VALUES (27, N'Kona', 9)
INSERT INTO [dbo].[VehicleModel] ([ModelId], [ModelName], [BrandId]) VALUES (28, N'Accord', 10)
INSERT INTO [dbo].[VehicleModel] ([ModelId], [ModelName], [BrandId]) VALUES (29, N'CR-V', 10)
INSERT INTO [dbo].[VehicleModel] ([ModelId], [ModelName], [BrandId]) VALUES (30, N'Civic', 10)
INSERT INTO [dbo].[VehicleModel] ([ModelId], [ModelName], [BrandId]) VALUES (31, N'Golf', 11)
INSERT INTO [dbo].[VehicleModel] ([ModelId], [ModelName], [BrandId]) VALUES (32, N'Tiguan', 11)
INSERT INTO [dbo].[VehicleModel] ([ModelId], [ModelName], [BrandId]) VALUES (33, N'Passat', 11)
INSERT INTO [dbo].[VehicleModel] ([ModelId], [ModelName], [BrandId]) VALUES (34, N'Altima', 12)
INSERT INTO [dbo].[VehicleModel] ([ModelId], [ModelName], [BrandId]) VALUES (35, N'Rogue', 12)
INSERT INTO [dbo].[VehicleModel] ([ModelId], [ModelName], [BrandId]) VALUES (36, N'Leaf', 12)
INSERT INTO [dbo].[VehicleModel] ([ModelId], [ModelName], [BrandId]) VALUES (37, N'Optima', 13)
INSERT INTO [dbo].[VehicleModel] ([ModelId], [ModelName], [BrandId]) VALUES (38, N'Sportage', 13)
INSERT INTO [dbo].[VehicleModel] ([ModelId], [ModelName], [BrandId]) VALUES (39, N'Sorento', 13)
INSERT INTO [dbo].[VehicleModel] ([ModelId], [ModelName], [BrandId]) VALUES (40, N'Wrangler', 14)
INSERT INTO [dbo].[VehicleModel] ([ModelId], [ModelName], [BrandId]) VALUES (41, N'Cherokee', 14)
INSERT INTO [dbo].[VehicleModel] ([ModelId], [ModelName], [BrandId]) VALUES (42, N'Grand Cherokee', 14)
INSERT INTO [dbo].[VehicleModel] ([ModelId], [ModelName], [BrandId]) VALUES (43, N'Model S', 15)
INSERT INTO [dbo].[VehicleModel] ([ModelId], [ModelName], [BrandId]) VALUES (44, N'Model 3', 15)
INSERT INTO [dbo].[VehicleModel] ([ModelId], [ModelName], [BrandId]) VALUES (45, N'Model X', 15)
INSERT INTO [dbo].[VehicleModel] ([ModelId], [ModelName], [BrandId]) VALUES (46, N'Defender', 16)
INSERT INTO [dbo].[VehicleModel] ([ModelId], [ModelName], [BrandId]) VALUES (47, N'Range Rover', 16)
INSERT INTO [dbo].[VehicleModel] ([ModelId], [ModelName], [BrandId]) VALUES (48, N'Discovery', 16)
INSERT INTO [dbo].[VehicleModel] ([ModelId], [ModelName], [BrandId]) VALUES (49, N'C-Class', 17)
INSERT INTO [dbo].[VehicleModel] ([ModelId], [ModelName], [BrandId]) VALUES (50, N'E-Class', 17)
INSERT INTO [dbo].[VehicleModel] ([ModelId], [ModelName], [BrandId]) VALUES (51, N'S-Class', 17)
INSERT INTO [dbo].[VehicleModel] ([ModelId], [ModelName], [BrandId]) VALUES (52, N'XC90', 18)
INSERT INTO [dbo].[VehicleModel] ([ModelId], [ModelName], [BrandId]) VALUES (53, N'S60', 18)
INSERT INTO [dbo].[VehicleModel] ([ModelId], [ModelName], [BrandId]) VALUES (54, N'V90', 18)
INSERT INTO [dbo].[VehicleModel] ([ModelId], [ModelName], [BrandId]) VALUES (55, N'F-PACE', 19)
INSERT INTO [dbo].[VehicleModel] ([ModelId], [ModelName], [BrandId]) VALUES (56, N'XE', 19)
INSERT INTO [dbo].[VehicleModel] ([ModelId], [ModelName], [BrandId]) VALUES (57, N'XF', 19)
INSERT INTO [dbo].[VehicleModel] ([ModelId], [ModelName], [BrandId]) VALUES (58, N'500', 20)
INSERT INTO [dbo].[VehicleModel] ([ModelId], [ModelName], [BrandId]) VALUES (59, N'Panda', 20)
INSERT INTO [dbo].[VehicleModel] ([ModelId], [ModelName], [BrandId]) VALUES (60, N'Tipo', 20)
INSERT INTO [dbo].[VehicleModel] ([ModelId], [ModelName], [BrandId]) VALUES (61, N'CX-5', 21)
INSERT INTO [dbo].[VehicleModel] ([ModelId], [ModelName], [BrandId]) VALUES (62, N'Mazda3', 21)
INSERT INTO [dbo].[VehicleModel] ([ModelId], [ModelName], [BrandId]) VALUES (63, N'MX-5 Miata', 21)
INSERT INTO [dbo].[VehicleModel] ([ModelId], [ModelName], [BrandId]) VALUES (64, N'Outback', 22)
INSERT INTO [dbo].[VehicleModel] ([ModelId], [ModelName], [BrandId]) VALUES (65, N'Impreza', 22)
INSERT INTO [dbo].[VehicleModel] ([ModelId], [ModelName], [BrandId]) VALUES (66, N'Forester', 22)
INSERT INTO [dbo].[VehicleModel] ([ModelId], [ModelName], [BrandId]) VALUES (67, N'Swift', 23)
INSERT INTO [dbo].[VehicleModel] ([ModelId], [ModelName], [BrandId]) VALUES (68, N'Vitara', 23)
INSERT INTO [dbo].[VehicleModel] ([ModelId], [ModelName], [BrandId]) VALUES (69, N'Jimny', 23)
INSERT INTO [dbo].[VehicleModel] ([ModelId], [ModelName], [BrandId]) VALUES (70, N'RX', 24)
INSERT INTO [dbo].[VehicleModel] ([ModelId], [ModelName], [BrandId]) VALUES (71, N'ES', 24)
INSERT INTO [dbo].[VehicleModel] ([ModelId], [ModelName], [BrandId]) VALUES (72, N'NX', 24)
INSERT INTO [dbo].[VehicleModel] ([ModelId], [ModelName], [BrandId]) VALUES (73, N'DB11', 25)
INSERT INTO [dbo].[VehicleModel] ([ModelId], [ModelName], [BrandId]) VALUES (74, N'Vantage', 25)
INSERT INTO [dbo].[VehicleModel] ([ModelId], [ModelName], [BrandId]) VALUES (75, N'DBS', 25)
INSERT INTO [dbo].[VehicleModel] ([ModelId], [ModelName], [BrandId]) VALUES (76, N'Outlander', 26)
INSERT INTO [dbo].[VehicleModel] ([ModelId], [ModelName], [BrandId]) VALUES (77, N'Lancer', 26)
INSERT INTO [dbo].[VehicleModel] ([ModelId], [ModelName], [BrandId]) VALUES (78, N'Triton', 26)
INSERT INTO [dbo].[VehicleModel] ([ModelId], [ModelName], [BrandId]) VALUES (79, N'208', 27)
INSERT INTO [dbo].[VehicleModel] ([ModelId], [ModelName], [BrandId]) VALUES (80, N'3008', 27)
INSERT INTO [dbo].[VehicleModel] ([ModelId], [ModelName], [BrandId]) VALUES (81, N'5008', 27)
INSERT INTO [dbo].[VehicleModel] ([ModelId], [ModelName], [BrandId]) VALUES (82, N'Leon', 28)
INSERT INTO [dbo].[VehicleModel] ([ModelId], [ModelName], [BrandId]) VALUES (83, N'Ateca', 28)
INSERT INTO [dbo].[VehicleModel] ([ModelId], [ModelName], [BrandId]) VALUES (84, N'Ibiza', 28)
INSERT INTO [dbo].[VehicleModel] ([ModelId], [ModelName], [BrandId]) VALUES (85, N'Chiron', 29)
INSERT INTO [dbo].[VehicleModel] ([ModelId], [ModelName], [BrandId]) VALUES (86, N'Veyron', 29)
INSERT INTO [dbo].[VehicleModel] ([ModelId], [ModelName], [BrandId]) VALUES (87, N'Divo', 29)
INSERT INTO [dbo].[VehicleModel] ([ModelId], [ModelName], [BrandId]) VALUES (88, N'Huracan', 30)
INSERT INTO [dbo].[VehicleModel] ([ModelId], [ModelName], [BrandId]) VALUES (89, N'Aventador', 30)
INSERT INTO [dbo].[VehicleModel] ([ModelId], [ModelName], [BrandId]) VALUES (90, N'Urus', 30)
INSERT INTO [dbo].[VehicleModel] ([ModelId], [ModelName], [BrandId]) VALUES (91, N'1 Series', 7)
INSERT INTO [dbo].[VehicleModel] ([ModelId], [ModelName], [BrandId]) VALUES (92, N'Aqua', 5)
SET IDENTITY_INSERT [dbo].[VehicleModel] OFF

SET IDENTITY_INSERT [dbo].[Vehicle] ON
INSERT INTO [dbo].[Vehicle] ([VehicleId], [BrandId], [ModelId], [VIN], [Registration], [Colour], [DriveType], [Odometer], [CustomerId]) VALUES (1, 1, 1, N'1C4PJLCB2EW232968', N'KJZ515', 1, 3, 95000, 1)
INSERT INTO [dbo].[Vehicle] ([VehicleId], [BrandId], [ModelId], [VIN], [Registration], [Colour], [DriveType], [Odometer], [CustomerId]) VALUES (2, 2, 4, N'2FMPK4K95LBB64948', N'ABZ123', 4, 0, 10200, 2)
INSERT INTO [dbo].[Vehicle] ([VehicleId], [BrandId], [ModelId], [VIN], [Registration], [Colour], [DriveType], [Odometer], [CustomerId]) VALUES (3, 3, 7, N'3FA6P0H72JR270563', N'Red123', 0, 1, 6700, 3)
INSERT INTO [dbo].[Vehicle] ([VehicleId], [BrandId], [ModelId], [VIN], [Registration], [Colour], [DriveType], [Odometer], [CustomerId]) VALUES (4, 4, 10, N'WPOAB2A98JL123456', N'CAR911', 2, 3, 12000, 4)
INSERT INTO [dbo].[Vehicle] ([VehicleId], [BrandId], [ModelId], [VIN], [Registration], [Colour], [DriveType], [Odometer], [CustomerId]) VALUES (5, 5, 13, N'4T1BF1FK8HU123456', N'TY1234', 3, 0, 98000, 5)
INSERT INTO [dbo].[Vehicle] ([VehicleId], [BrandId], [ModelId], [VIN], [Registration], [Colour], [DriveType], [Odometer], [CustomerId]) VALUES (6, 6, 16, N'1GCGTBEA1G1234567', N'CHV100', 3, 3, 45600, 6)
INSERT INTO [dbo].[Vehicle] ([VehicleId], [BrandId], [ModelId], [VIN], [Registration], [Colour], [DriveType], [Odometer], [CustomerId]) VALUES (7, 7, 19, N'WBA5A7C56FD123456', N'BMW456', 1, 1, 23000, 7)
INSERT INTO [dbo].[Vehicle] ([VehicleId], [BrandId], [ModelId], [VIN], [Registration], [Colour], [DriveType], [Odometer], [CustomerId]) VALUES (8, 8, 22, N'WAUZZZF46KA123456', N'AUDI12', 2, 3, 54000, 8)
INSERT INTO [dbo].[Vehicle] ([VehicleId], [BrandId], [ModelId], [VIN], [Registration], [Colour], [DriveType], [Odometer], [CustomerId]) VALUES (9, 9, 25, N'5NPE34AF8HH123456', N'HY1234', 4, 0, 35000, 9)
INSERT INTO [dbo].[Vehicle] ([VehicleId], [BrandId], [ModelId], [VIN], [Registration], [Colour], [DriveType], [Odometer], [CustomerId]) VALUES (10, 10, 28, N'1HGCR2F36GA123456', N'HND234', 3, 3, 27000, 10)
INSERT INTO [dbo].[Vehicle] ([VehicleId], [BrandId], [ModelId], [VIN], [Registration], [Colour], [DriveType], [Odometer], [CustomerId]) VALUES (11, 11, 31, N'3VWC57BU1KM123456', N'VW5678', 0, 0, 87000, 11)
INSERT INTO [dbo].[Vehicle] ([VehicleId], [BrandId], [ModelId], [VIN], [Registration], [Colour], [DriveType], [Odometer], [CustomerId]) VALUES (12, 12, 34, N'5N1AR2MN6GC123456', N'NIS987', 8, 3, 63000, 12)
INSERT INTO [dbo].[Vehicle] ([VehicleId], [BrandId], [ModelId], [VIN], [Registration], [Colour], [DriveType], [Odometer], [CustomerId]) VALUES (13, 13, 37, N'KNDJT2A56C1234567', N'KIA098', 6, 0, 41000, 13)
INSERT INTO [dbo].[Vehicle] ([VehicleId], [BrandId], [ModelId], [VIN], [Registration], [Colour], [DriveType], [Odometer], [CustomerId]) VALUES (14, 14, 40, N'1C4RJFBG2JC123456', N'JEEP56', 4, 3, 96000, 14)
INSERT INTO [dbo].[Vehicle] ([VehicleId], [BrandId], [ModelId], [VIN], [Registration], [Colour], [DriveType], [Odometer], [CustomerId]) VALUES (15, 15, 43, N'5YJ3E1EA3JF123456', N'TES789', 1, 3, 78000, 15)
INSERT INTO [dbo].[Vehicle] ([VehicleId], [BrandId], [ModelId], [VIN], [Registration], [Colour], [DriveType], [Odometer], [CustomerId]) VALUES (16, 16, 46, N'SALGV3FE9HA123456', N'LRD234', 2, 3, 32000, 16)
INSERT INTO [dbo].[Vehicle] ([VehicleId], [BrandId], [ModelId], [VIN], [Registration], [Colour], [DriveType], [Odometer], [CustomerId]) VALUES (17, 17, 49, N'WDDZF4JB1HA123456', N'MBZ234', 3, 1, 59000, 17)
INSERT INTO [dbo].[Vehicle] ([VehicleId], [BrandId], [ModelId], [VIN], [Registration], [Colour], [DriveType], [Odometer], [CustomerId]) VALUES (18, 18, 52, N'YV4A22PK3K1234567', N'VOL678', 3, 3, 86000, 18)
INSERT INTO [dbo].[Vehicle] ([VehicleId], [BrandId], [ModelId], [VIN], [Registration], [Colour], [DriveType], [Odometer], [CustomerId]) VALUES (19, 19, 55, N'SAJWA0HB8F1234567', N'JAG123', 8, 1, 42000, 19)
INSERT INTO [dbo].[Vehicle] ([VehicleId], [BrandId], [ModelId], [VIN], [Registration], [Colour], [DriveType], [Odometer], [CustomerId]) VALUES (20, 20, 58, N'ZFAAW41B000123456', N'FIAT67', 1, 0, 73000, 20)
INSERT INTO [dbo].[Vehicle] ([VehicleId], [BrandId], [ModelId], [VIN], [Registration], [Colour], [DriveType], [Odometer], [CustomerId]) VALUES (21, 21, 61, N'JM3TCBEY9H0123456', N'MZD345', 4, 3, 41000, 21)
INSERT INTO [dbo].[Vehicle] ([VehicleId], [BrandId], [ModelId], [VIN], [Registration], [Colour], [DriveType], [Odometer], [CustomerId]) VALUES (22, 22, 64, N'JF1SJGDC2GH123456', N'SUB567', 2, 3, 33000, 22)
INSERT INTO [dbo].[Vehicle] ([VehicleId], [BrandId], [ModelId], [VIN], [Registration], [Colour], [DriveType], [Odometer], [CustomerId]) VALUES (23, 23, 67, N'JS1GN79A0F2101234', N'SUZ789', 3, 0, 94000, 23)
INSERT INTO [dbo].[Vehicle] ([VehicleId], [BrandId], [ModelId], [VIN], [Registration], [Colour], [DriveType], [Odometer], [CustomerId]) VALUES (24, 24, 70, N'2T2BZMCA5GC123456', N'LXS234', 1, 3, 54000, 24)
INSERT INTO [dbo].[Vehicle] ([VehicleId], [BrandId], [ModelId], [VIN], [Registration], [Colour], [DriveType], [Odometer], [CustomerId]) VALUES (25, 25, 73, N'SCFRMFEV3J1234567', N'AM1234', 2, 1, 65000, 25)
INSERT INTO [dbo].[Vehicle] ([VehicleId], [BrandId], [ModelId], [VIN], [Registration], [Colour], [DriveType], [Odometer], [CustomerId]) VALUES (26, 26, 76, N'JA4JZ4AX8JZ123456', N'MIT789', 3, 3, 23000, 26)
INSERT INTO [dbo].[Vehicle] ([VehicleId], [BrandId], [ModelId], [VIN], [Registration], [Colour], [DriveType], [Odometer], [CustomerId]) VALUES (27, 27, 79, N'VF3CUDHXG12345678', N'PGT123', 4, 0, 73000, 27)
INSERT INTO [dbo].[Vehicle] ([VehicleId], [BrandId], [ModelId], [VIN], [Registration], [Colour], [DriveType], [Odometer], [CustomerId]) VALUES (28, 28, 82, N'VSSZZZ6JZHR123456', N'SEAT89', 1, 3, 86000, 28)
INSERT INTO [dbo].[Vehicle] ([VehicleId], [BrandId], [ModelId], [VIN], [Registration], [Colour], [DriveType], [Odometer], [CustomerId]) VALUES (29, 29, 85, N'VF9SAZR76L1234567', N'BGT123', 0, 3, 18000, 29)
INSERT INTO [dbo].[Vehicle] ([VehicleId], [BrandId], [ModelId], [VIN], [Registration], [Colour], [DriveType], [Odometer], [CustomerId]) VALUES (30, 30, 88, N'ZHWUR1ZF5FL123456', N'LAM789', 6, 3, 6500, 30)
INSERT INTO [dbo].[Vehicle] ([VehicleId], [BrandId], [ModelId], [VIN], [Registration], [Colour], [DriveType], [Odometer], [CustomerId]) VALUES (31, 1, 3, N'1G1BE5SM0H1234567', N'HLD765', 0, 3, 23000, 1)
INSERT INTO [dbo].[Vehicle] ([VehicleId], [BrandId], [ModelId], [VIN], [Registration], [Colour], [DriveType], [Odometer], [CustomerId]) VALUES (32, 2, 5, N'1FA6P8CF5H1234567', N'FRD345', 1, 1, 56000, 2)
INSERT INTO [dbo].[Vehicle] ([VehicleId], [BrandId], [ModelId], [VIN], [Registration], [Colour], [DriveType], [Odometer], [CustomerId]) VALUES (33, 3, 8, N'ZFF80AMA9J0234567', N'FRR567', 4, 1, 49000, 3)
INSERT INTO [dbo].[Vehicle] ([VehicleId], [BrandId], [ModelId], [VIN], [Registration], [Colour], [DriveType], [Odometer], [CustomerId]) VALUES (34, 4, 11, N'WP1AA2A52HL123456', N'PRS678', 2, 3, 76000, 4)
INSERT INTO [dbo].[Vehicle] ([VehicleId], [BrandId], [ModelId], [VIN], [Registration], [Colour], [DriveType], [Odometer], [CustomerId]) VALUES (35, 5, 14, N'4T1BK3DK8GU123456', N'TYT345', 3, 0, 89000, 5)
INSERT INTO [dbo].[Vehicle] ([VehicleId], [BrandId], [ModelId], [VIN], [Registration], [Colour], [DriveType], [Odometer], [CustomerId]) VALUES (36, 6, 17, N'1G1ZD5ST4JF123456', N'CHV345', 1, 3, 34000, 6)
INSERT INTO [dbo].[Vehicle] ([VehicleId], [BrandId], [ModelId], [VIN], [Registration], [Colour], [DriveType], [Odometer], [CustomerId]) VALUES (37, 7, 20, N'WBA8D9G52HNU12345', N'BMW567', 0, 1, 13000, 7)
INSERT INTO [dbo].[Vehicle] ([VehicleId], [BrandId], [ModelId], [VIN], [Registration], [Colour], [DriveType], [Odometer], [CustomerId]) VALUES (38, 8, 23, N'WA1BNAFY1J1234567', N'AUDI23', 4, 3, 29000, 8)
INSERT INTO [dbo].[Vehicle] ([VehicleId], [BrandId], [ModelId], [VIN], [Registration], [Colour], [DriveType], [Odometer], [CustomerId]) VALUES (39, 9, 26, N'KM8SNDHF6JH123456', N'HYND45', 2, 0, 58000, 9)
INSERT INTO [dbo].[Vehicle] ([VehicleId], [BrandId], [ModelId], [VIN], [Registration], [Colour], [DriveType], [Odometer], [CustomerId]) VALUES (40, 10, 29, N'2HGFC4B08JH123456', N'HONDA9', 1, 3, 70000, 10)
INSERT INTO [dbo].[Vehicle] ([VehicleId], [BrandId], [ModelId], [VIN], [Registration], [Colour], [DriveType], [Odometer], [CustomerId]) VALUES (41, 11, 32, N'3VW2B7AJ2HM123456', N'VW1234', 0, 0, 25000, 11)
INSERT INTO [dbo].[Vehicle] ([VehicleId], [BrandId], [ModelId], [VIN], [Registration], [Colour], [DriveType], [Odometer], [CustomerId]) VALUES (42, 12, 35, N'JN1BJ1CP2JW123456', N'NISS78', 4, 3, 75000, 12)
INSERT INTO [dbo].[Vehicle] ([VehicleId], [BrandId], [ModelId], [VIN], [Registration], [Colour], [DriveType], [Odometer], [CustomerId]) VALUES (43, 13, 38, N'KNMAT2MV7GP123456', N'KIA456', 2, 0, 25000, 13)
INSERT INTO [dbo].[Vehicle] ([VehicleId], [BrandId], [ModelId], [VIN], [Registration], [Colour], [DriveType], [Odometer], [CustomerId]) VALUES (44, 14, 41, N'1C4RJFAG3JC123456', N'JEEP78', 0, 3, 67000, 14)
INSERT INTO [dbo].[Vehicle] ([VehicleId], [BrandId], [ModelId], [VIN], [Registration], [Colour], [DriveType], [Odometer], [CustomerId]) VALUES (45, 15, 44, N'5YJXCBE22HF123456', N'TES789', 1, 3, 8900, 15)
INSERT INTO [dbo].[Vehicle] ([VehicleId], [BrandId], [ModelId], [VIN], [Registration], [Colour], [DriveType], [Odometer], [CustomerId]) VALUES (46, 16, 47, N'SALWR2RV1JA123456', N'LRD234', 2, 3, 21000, 16)
INSERT INTO [dbo].[Vehicle] ([VehicleId], [BrandId], [ModelId], [VIN], [Registration], [Colour], [DriveType], [Odometer], [CustomerId]) VALUES (47, 17, 50, N'WDDZF8GB9HA123456', N'MBZ234', 3, 1, 75000, 17)
INSERT INTO [dbo].[Vehicle] ([VehicleId], [BrandId], [ModelId], [VIN], [Registration], [Colour], [DriveType], [Odometer], [CustomerId]) VALUES (48, 18, 53, N'YV4A22PK3L1234567', N'VOL678', 4, 3, 34000, 18)
INSERT INTO [dbo].[Vehicle] ([VehicleId], [BrandId], [ModelId], [VIN], [Registration], [Colour], [DriveType], [Odometer], [CustomerId]) VALUES (49, 19, 56, N'SAJAC6FZ8H1234567', N'JAG123', 8, 1, 87000, 19)
INSERT INTO [dbo].[Vehicle] ([VehicleId], [BrandId], [ModelId], [VIN], [Registration], [Colour], [DriveType], [Odometer], [CustomerId]) VALUES (50, 20, 59, N'ZFAAW45B000123456', N'FIAT67', 1, 0, 64000, 20)
SET IDENTITY_INSERT [dbo].[Vehicle] OFF

SET IDENTITY_INSERT [dbo].[Appointment] ON
INSERT INTO [dbo].[Appointment] ([AppointmentId], [AppointmentDate], [CustomerId], [VehicleId], [EmployeeId], [ServiceCost], [AppointmentName]) VALUES (1, N'2024-08-08 09:00:00', 1, 1, 1, CAST(175.00 AS Decimal(18, 2)), N'WOF')
INSERT INTO [dbo].[Appointment] ([AppointmentId], [AppointmentDate], [CustomerId], [VehicleId], [EmployeeId], [ServiceCost], [AppointmentName]) VALUES (2, N'2024-08-09 10:00:00', 2, 2, 2, CAST(200.00 AS Decimal(18, 2)), N'Tire Replacement')
INSERT INTO [dbo].[Appointment] ([AppointmentId], [AppointmentDate], [CustomerId], [VehicleId], [EmployeeId], [ServiceCost], [AppointmentName]) VALUES (3, N'2024-08-10 11:00:00', 3, 3, 3, CAST(150.00 AS Decimal(18, 2)), N'Engine Repair')
INSERT INTO [dbo].[Appointment] ([AppointmentId], [AppointmentDate], [CustomerId], [VehicleId], [EmployeeId], [ServiceCost], [AppointmentName]) VALUES (4, N'2024-08-11 09:30:00', 4, 4, 4, CAST(125.00 AS Decimal(18, 2)), N'Brake Check')
INSERT INTO [dbo].[Appointment] ([AppointmentId], [AppointmentDate], [CustomerId], [VehicleId], [EmployeeId], [ServiceCost], [AppointmentName]) VALUES (5, N'2024-08-12 10:30:00', 5, 5, 5, CAST(250.00 AS Decimal(18, 2)), N'Battery Replacement')
INSERT INTO [dbo].[Appointment] ([AppointmentId], [AppointmentDate], [CustomerId], [VehicleId], [EmployeeId], [ServiceCost], [AppointmentName]) VALUES (6, N'2024-08-13 14:00:00', 6, 6, 6, CAST(180.00 AS Decimal(18, 2)), N'AC Repair')
INSERT INTO [dbo].[Appointment] ([AppointmentId], [AppointmentDate], [CustomerId], [VehicleId], [EmployeeId], [ServiceCost], [AppointmentName]) VALUES (7, N'2024-08-14 15:30:00', 7, 7, 7, CAST(225.00 AS Decimal(18, 2)), N'Oil Change')
INSERT INTO [dbo].[Appointment] ([AppointmentId], [AppointmentDate], [CustomerId], [VehicleId], [EmployeeId], [ServiceCost], [AppointmentName]) VALUES (8, N'2024-08-15 08:30:00', 8, 8, 8, CAST(195.00 AS Decimal(18, 2)), N'Transmission Check')
INSERT INTO [dbo].[Appointment] ([AppointmentId], [AppointmentDate], [CustomerId], [VehicleId], [EmployeeId], [ServiceCost], [AppointmentName]) VALUES (9, N'2024-08-16 09:45:00', 9, 9, 9, CAST(170.00 AS Decimal(18, 2)), N'Suspension Check')
INSERT INTO [dbo].[Appointment] ([AppointmentId], [AppointmentDate], [CustomerId], [VehicleId], [EmployeeId], [ServiceCost], [AppointmentName]) VALUES (10, N'2024-08-17 11:15:00', 10, 10, 10, CAST(205.00 AS Decimal(18, 2)), N'Wiper Replacement')
INSERT INTO [dbo].[Appointment] ([AppointmentId], [AppointmentDate], [CustomerId], [VehicleId], [EmployeeId], [ServiceCost], [AppointmentName]) VALUES (11, N'2024-08-18 13:45:00', 11, 11, 11, CAST(210.00 AS Decimal(18, 2)), N'Fuel System Check')
INSERT INTO [dbo].[Appointment] ([AppointmentId], [AppointmentDate], [CustomerId], [VehicleId], [EmployeeId], [ServiceCost], [AppointmentName]) VALUES (12, N'2024-08-19 10:00:00', 12, 12, 12, CAST(160.00 AS Decimal(18, 2)), N'Exhaust Repair')
INSERT INTO [dbo].[Appointment] ([AppointmentId], [AppointmentDate], [CustomerId], [VehicleId], [EmployeeId], [ServiceCost], [AppointmentName]) VALUES (13, N'2024-08-20 12:30:00', 13, 13, 13, CAST(230.00 AS Decimal(18, 2)), N'Coolant Flush')
INSERT INTO [dbo].[Appointment] ([AppointmentId], [AppointmentDate], [CustomerId], [VehicleId], [EmployeeId], [ServiceCost], [AppointmentName]) VALUES (14, N'2024-08-21 14:00:00', 14, 14, 14, CAST(240.00 AS Decimal(18, 2)), N'Tire Alignment')
INSERT INTO [dbo].[Appointment] ([AppointmentId], [AppointmentDate], [CustomerId], [VehicleId], [EmployeeId], [ServiceCost], [AppointmentName]) VALUES (15, N'2024-08-22 09:15:00', 15, 15, 15, CAST(135.00 AS Decimal(18, 2)), N'Light Replacement')
INSERT INTO [dbo].[Appointment] ([AppointmentId], [AppointmentDate], [CustomerId], [VehicleId], [EmployeeId], [ServiceCost], [AppointmentName]) VALUES (16, N'2024-08-23 11:00:00', 16, 16, 16, CAST(145.00 AS Decimal(18, 2)), N'Radiator Service')
INSERT INTO [dbo].[Appointment] ([AppointmentId], [AppointmentDate], [CustomerId], [VehicleId], [EmployeeId], [ServiceCost], [AppointmentName]) VALUES (17, N'2024-08-24 13:00:00', 17, 17, 17, CAST(190.00 AS Decimal(18, 2)), N'Clutch Replacement')
INSERT INTO [dbo].[Appointment] ([AppointmentId], [AppointmentDate], [CustomerId], [VehicleId], [EmployeeId], [ServiceCost], [AppointmentName]) VALUES (18, N'2024-08-25 15:00:00', 18, 18, 18, CAST(155.00 AS Decimal(18, 2)), N'Spark Plug Replacement')
INSERT INTO [dbo].[Appointment] ([AppointmentId], [AppointmentDate], [CustomerId], [VehicleId], [EmployeeId], [ServiceCost], [AppointmentName]) VALUES (19, N'2024-08-26 08:45:00', 19, 19, 19, CAST(175.00 AS Decimal(18, 2)), N'Filter Change')
INSERT INTO [dbo].[Appointment] ([AppointmentId], [AppointmentDate], [CustomerId], [VehicleId], [EmployeeId], [ServiceCost], [AppointmentName]) VALUES (20, N'2024-08-27 10:30:00', 20, 20, 20, CAST(185.00 AS Decimal(18, 2)), N'Window Repair')
INSERT INTO [dbo].[Appointment] ([AppointmentId], [AppointmentDate], [CustomerId], [VehicleId], [EmployeeId], [ServiceCost], [AppointmentName]) VALUES (21, N'2024-08-28 12:00:00', 21, 21, 21, CAST(220.00 AS Decimal(18, 2)), N'Interior Cleaning')
INSERT INTO [dbo].[Appointment] ([AppointmentId], [AppointmentDate], [CustomerId], [VehicleId], [EmployeeId], [ServiceCost], [AppointmentName]) VALUES (22, N'2024-08-29 14:30:00', 22, 22, 22, CAST(195.00 AS Decimal(18, 2)), N'Steering Alignment')
INSERT INTO [dbo].[Appointment] ([AppointmentId], [AppointmentDate], [CustomerId], [VehicleId], [EmployeeId], [ServiceCost], [AppointmentName]) VALUES (23, N'2024-08-30 09:00:00', 23, 23, 23, CAST(165.00 AS Decimal(18, 2)), N'Timing Belt Check')
INSERT INTO [dbo].[Appointment] ([AppointmentId], [AppointmentDate], [CustomerId], [VehicleId], [EmployeeId], [ServiceCost], [AppointmentName]) VALUES (24, N'2024-08-31 11:15:00', 24, 24, 24, CAST(180.00 AS Decimal(18, 2)), N'Air Filter Change')
INSERT INTO [dbo].[Appointment] ([AppointmentId], [AppointmentDate], [CustomerId], [VehicleId], [EmployeeId], [ServiceCost], [AppointmentName]) VALUES (25, N'2024-09-01 13:45:00', 25, 25, 25, CAST(205.00 AS Decimal(18, 2)), N'Alternator Repair')
INSERT INTO [dbo].[Appointment] ([AppointmentId], [AppointmentDate], [CustomerId], [VehicleId], [EmployeeId], [ServiceCost], [AppointmentName]) VALUES (26, N'2024-09-02 10:00:00', 26, 26, 26, CAST(175.00 AS Decimal(18, 2)), N'Wheel Balancing')
INSERT INTO [dbo].[Appointment] ([AppointmentId], [AppointmentDate], [CustomerId], [VehicleId], [EmployeeId], [ServiceCost], [AppointmentName]) VALUES (27, N'2024-09-03 12:30:00', 27, 27, 27, CAST(185.00 AS Decimal(18, 2)), N'Gearbox Service')
INSERT INTO [dbo].[Appointment] ([AppointmentId], [AppointmentDate], [CustomerId], [VehicleId], [EmployeeId], [ServiceCost], [AppointmentName]) VALUES (28, N'2024-09-04 14:00:00', 28, 28, 28, CAST(195.00 AS Decimal(18, 2)), N'Engine Overhaul')
INSERT INTO [dbo].[Appointment] ([AppointmentId], [AppointmentDate], [CustomerId], [VehicleId], [EmployeeId], [ServiceCost], [AppointmentName]) VALUES (29, N'2024-09-05 09:15:00', 29, 29, 29, CAST(165.00 AS Decimal(18, 2)), N'Fuel Pump Replacement')
INSERT INTO [dbo].[Appointment] ([AppointmentId], [AppointmentDate], [CustomerId], [VehicleId], [EmployeeId], [ServiceCost], [AppointmentName]) VALUES (30, N'2024-09-06 11:00:00', 30, 30, 30, CAST(190.00 AS Decimal(18, 2)), N'Suspension Tuning')
SET IDENTITY_INSERT [dbo].[Appointment] OFF

SET IDENTITY_INSERT [dbo].[Payment] ON
INSERT INTO [dbo].[Payment] ([PaymentId], [Amount], [PaymentDate], [CustomerId], [PaymentMethod]) VALUES (1, CAST(1573.99 AS Decimal(18, 2)), N'2024-08-08 00:00:00', 1, 0)
INSERT INTO [dbo].[Payment] ([PaymentId], [Amount], [PaymentDate], [CustomerId], [PaymentMethod]) VALUES (2, CAST(800.50 AS Decimal(18, 2)), N'2024-08-09 00:00:00', 2, 1)
INSERT INTO [dbo].[Payment] ([PaymentId], [Amount], [PaymentDate], [CustomerId], [PaymentMethod]) VALUES (3, CAST(1200.75 AS Decimal(18, 2)), N'2024-08-10 00:00:00', 3, 2)
INSERT INTO [dbo].[Payment] ([PaymentId], [Amount], [PaymentDate], [CustomerId], [PaymentMethod]) VALUES (4, CAST(300.00 AS Decimal(18, 2)), N'2024-08-11 00:00:00', 4, 3)
INSERT INTO [dbo].[Payment] ([PaymentId], [Amount], [PaymentDate], [CustomerId], [PaymentMethod]) VALUES (5, CAST(450.25 AS Decimal(18, 2)), N'2024-08-12 00:00:00', 5, 0)
INSERT INTO [dbo].[Payment] ([PaymentId], [Amount], [PaymentDate], [CustomerId], [PaymentMethod]) VALUES (6, CAST(650.00 AS Decimal(18, 2)), N'2024-08-13 00:00:00', 6, 1)
INSERT INTO [dbo].[Payment] ([PaymentId], [Amount], [PaymentDate], [CustomerId], [PaymentMethod]) VALUES (7, CAST(200.00 AS Decimal(18, 2)), N'2024-08-14 00:00:00', 7, 2)
INSERT INTO [dbo].[Payment] ([PaymentId], [Amount], [PaymentDate], [CustomerId], [PaymentMethod]) VALUES (8, CAST(175.50 AS Decimal(18, 2)), N'2024-08-15 00:00:00', 8, 3)
INSERT INTO [dbo].[Payment] ([PaymentId], [Amount], [PaymentDate], [CustomerId], [PaymentMethod]) VALUES (9, CAST(320.00 AS Decimal(18, 2)), N'2024-08-16 00:00:00', 9, 0)
INSERT INTO [dbo].[Payment] ([PaymentId], [Amount], [PaymentDate], [CustomerId], [PaymentMethod]) VALUES (10, CAST(500.00 AS Decimal(18, 2)), N'2024-08-17 00:00:00', 10, 1)
INSERT INTO [dbo].[Payment] ([PaymentId], [Amount], [PaymentDate], [CustomerId], [PaymentMethod]) VALUES (11, CAST(150.00 AS Decimal(18, 2)), N'2024-08-18 00:00:00', 11, 2)
INSERT INTO [dbo].[Payment] ([PaymentId], [Amount], [PaymentDate], [CustomerId], [PaymentMethod]) VALUES (12, CAST(275.75 AS Decimal(18, 2)), N'2024-08-19 00:00:00', 12, 3)
INSERT INTO [dbo].[Payment] ([PaymentId], [Amount], [PaymentDate], [CustomerId], [PaymentMethod]) VALUES (13, CAST(480.00 AS Decimal(18, 2)), N'2024-08-20 00:00:00', 13, 0)
INSERT INTO [dbo].[Payment] ([PaymentId], [Amount], [PaymentDate], [CustomerId], [PaymentMethod]) VALUES (14, CAST(600.50 AS Decimal(18, 2)), N'2024-08-21 00:00:00', 14, 1)
INSERT INTO [dbo].[Payment] ([PaymentId], [Amount], [PaymentDate], [CustomerId], [PaymentMethod]) VALUES (15, CAST(1100.00 AS Decimal(18, 2)), N'2024-08-22 00:00:00', 15, 2)
INSERT INTO [dbo].[Payment] ([PaymentId], [Amount], [PaymentDate], [CustomerId], [PaymentMethod]) VALUES (16, CAST(225.00 AS Decimal(18, 2)), N'2024-08-23 00:00:00', 16, 3)
INSERT INTO [dbo].[Payment] ([PaymentId], [Amount], [PaymentDate], [CustomerId], [PaymentMethod]) VALUES (17, CAST(370.00 AS Decimal(18, 2)), N'2024-08-24 00:00:00', 17, 0)
INSERT INTO [dbo].[Payment] ([PaymentId], [Amount], [PaymentDate], [CustomerId], [PaymentMethod]) VALUES (18, CAST(450.75 AS Decimal(18, 2)), N'2024-08-25 00:00:00', 18, 1)
INSERT INTO [dbo].[Payment] ([PaymentId], [Amount], [PaymentDate], [CustomerId], [PaymentMethod]) VALUES (19, CAST(800.00 AS Decimal(18, 2)), N'2024-08-26 00:00:00', 19, 2)
INSERT INTO [dbo].[Payment] ([PaymentId], [Amount], [PaymentDate], [CustomerId], [PaymentMethod]) VALUES (20, CAST(150.00 AS Decimal(18, 2)), N'2024-08-27 00:00:00', 20, 3)
INSERT INTO [dbo].[Payment] ([PaymentId], [Amount], [PaymentDate], [CustomerId], [PaymentMethod]) VALUES (21, CAST(280.00 AS Decimal(18, 2)), N'2024-08-28 00:00:00', 21, 0)
INSERT INTO [dbo].[Payment] ([PaymentId], [Amount], [PaymentDate], [CustomerId], [PaymentMethod]) VALUES (22, CAST(375.50 AS Decimal(18, 2)), N'2024-08-29 00:00:00', 22, 1)
INSERT INTO [dbo].[Payment] ([PaymentId], [Amount], [PaymentDate], [CustomerId], [PaymentMethod]) VALUES (23, CAST(950.00 AS Decimal(18, 2)), N'2024-08-30 00:00:00', 23, 2)
INSERT INTO [dbo].[Payment] ([PaymentId], [Amount], [PaymentDate], [CustomerId], [PaymentMethod]) VALUES (24, CAST(275.00 AS Decimal(18, 2)), N'2024-08-31 00:00:00', 24, 3)
INSERT INTO [dbo].[Payment] ([PaymentId], [Amount], [PaymentDate], [CustomerId], [PaymentMethod]) VALUES (25, CAST(370.00 AS Decimal(18, 2)), N'2024-09-01 00:00:00', 25, 0)
INSERT INTO [dbo].[Payment] ([PaymentId], [Amount], [PaymentDate], [CustomerId], [PaymentMethod]) VALUES (26, CAST(490.75 AS Decimal(18, 2)), N'2024-09-02 00:00:00', 26, 1)
INSERT INTO [dbo].[Payment] ([PaymentId], [Amount], [PaymentDate], [CustomerId], [PaymentMethod]) VALUES (27, CAST(600.00 AS Decimal(18, 2)), N'2024-09-03 00:00:00', 27, 2)
INSERT INTO [dbo].[Payment] ([PaymentId], [Amount], [PaymentDate], [CustomerId], [PaymentMethod]) VALUES (28, CAST(220.00 AS Decimal(18, 2)), N'2024-09-04 00:00:00', 28, 3)
INSERT INTO [dbo].[Payment] ([PaymentId], [Amount], [PaymentDate], [CustomerId], [PaymentMethod]) VALUES (29, CAST(350.00 AS Decimal(18, 2)), N'2024-09-05 00:00:00', 29, 0)
INSERT INTO [dbo].[Payment] ([PaymentId], [Amount], [PaymentDate], [CustomerId], [PaymentMethod]) VALUES (30, CAST(450.00 AS Decimal(18, 2)), N'2024-09-06 00:00:00', 30, 1)
SET IDENTITY_INSERT [dbo].[Payment] OFF
